lead_id,name,email,company,industry,company_size,message,expected_category,expected_intent,expected_urgency,expected_priority
L001,Sarah Ahmed,sarah.ahmed@example.com,Acme Logistics,Logistics,75,We receive around 300 customer support emails every week and our staff manually categorizes and routes them. We'd like to automate classification and routing within the next two months.,Business automation,High,High,High
L002,James Wilson,james.wilson@example.com,Northstar Retail,Retail,12,We are manually preparing weekly sales reports from three spreadsheets. We'd like to know whether this could be automated.,Reporting automation,Medium,Medium,Medium
L003,Maria Chen,maria.chen@example.com,BrightPath Education,Education,250,We want an AI system that can classify incoming student enquiries and automatically send them to the appropriate department. We are looking for implementation options now.,AI classification,High,Medium,High
L004,Daniel Brooks,daniel.brooks@example.com,Harbor Legal,Legal Services,8,Can you tell me what kinds of automation services you offer?,General enquiry,Low,Low,Low
L005,Priya Shah,priya.shah@example.com,GreenField Manufacturing,Manufacturing,180,Our operations team spends several days each month consolidating production spreadsheets from different plants. We want a centralized automated reporting process and would like to start soon.,Data/reporting automation,High,High,High
L006,Michael Turner,michael.turner@example.com,Cedar Accounting,Accounting,35,We manually copy invoice information from PDF files into our accounting spreadsheet. We process roughly 400 invoices per month. Can you automate this?,Document automation,High,Medium,High
L007,Aisha Khan,aisha.khan@example.com,Nova Travel,Travel,6,We are interested in using AI for our business but aren't sure where to start.,AI consultation,Medium,Low,Low
L008,Robert Evans,robert.evans@example.com,Summit Property Group,Real Estate,95,"Leads arrive through email, our website and several listing sites. We currently enter them manually into a spreadsheet. We'd like them automatically captured, categorized and assigned to sales staff.",Lead automation,High,Medium,High
L009,Laura Garcia,laura.garcia@example.com,BlueWave Media,Marketing,42,Our team spends about ten hours every week creating client performance reports. We want to automate data collection and report generation.,Reporting automation,High,Medium,High
L010,Thomas Reed,thomas.reed@example.com,PixelForge Studios,Gaming,22,We need someone to build a mobile game for us.,Mobile app development,High,Medium,Low
L011,Emily Carter,emily.carter@example.com,Atlas Recruitment,Recruitment,60,"We receive hundreds of CVs by email. We'd like to extract candidate information, categorize applicants and send suitable CVs to recruiters automatically.",Document/AI automation,High,High,High
L012,Omar Hassan,omar.hassan@example.com,Vertex Consulting,Consulting,18,We currently use Google Sheets to track client requests. We'd like new rows to trigger notifications and generate a basic summary automatically.,Workflow automation,High,Medium,Medium
L013,Sophie Martin,sophie.martin@example.com,Luna Wellness,Wellness,9,Could you build an AI chatbot for our website?,Chatbot development,High,Medium,Medium
L014,Ethan Clark,ethan.clark@example.com,IronBridge Engineering,Engineering,420,We have several internal systems and want to automate the transfer of project data between them using APIs. We'd like to discuss a proof of concept.,API integration,High,Medium,High
L015,Nadia Ali,nadia.ali@example.com,FreshCart Foods,Food Distribution,55,We receive orders in different spreadsheet formats from our customers. Employees spend hours cleaning and combining them before entering them into our system.,Data processing automation,High,Medium,High
L016,William Scott,william.scott@example.com,Oak & Stone Design,Design,4,I saw your Fiverr profile and would like to know if you can automate a simple spreadsheet task for us.,Spreadsheet automation,High,Low,Medium
L017,Hannah Lee,hannah.lee@example.com,Metro Health Supplies,Healthcare Supply,130,Our sales team manually reviews incoming enquiries and decides which representative should handle each one. We want AI-assisted classification and automatic assignment.,Lead routing,High,Medium,High
L018,George Patel,george.patel@example.com,Silverline Insurance,Insurance,900,We're evaluating automation for claims document processing. We receive thousands of documents monthly and need information extracted and routed to the right teams.,Document automation,High,High,High
L019,Isabella Rossi,isabella.rossi@example.com,Casa Verde Hotels,Hospitality,70,We'd like to automatically summarize guest feedback from email and online forms and identify recurring complaints.,AI text analysis,Medium,Medium,Medium
L020,Noah Brown,noah.brown@example.com,QuickFix Plumbing,Home Services,5,We only get a few enquiries a week and currently handle them manually. We'd like a quote for automation.,Lead automation,Medium,Low,Low
L021,Fatima Noor,fatima.noor@example.com,Global Freight Partners,Logistics,310,We need to consolidate shipment data from multiple carrier APIs and produce a daily operational report. This is currently done manually.,API/data automation,High,High,High
L022,Lucas Meyer,lucas.meyer@example.com,Alpine Sports,E-commerce,48,We want new online orders to automatically update our internal spreadsheet and notify the fulfillment team.,Order workflow automation,High,Medium,Medium
L023,Grace Thompson,grace.thompson@example.com,Riverbank Nonprofit,Nonprofit,25,We have a limited budget and are looking for ideas to reduce repetitive administrative work.,Automation consultation,Medium,Low,Low
L024,Ali Raza,ali.raza@example.com,TechNova Solutions,IT Services,110,Our support tickets are manually categorized. We want to classify them by topic and urgency and send critical tickets to a dedicated Slack channel.,AI ticket routing,High,High,High
L025,Chloe Adams,chloe.adams@example.com,Evergreen Events,Events,15,Can you automatically turn our event registration spreadsheet into weekly attendee reports?,Reporting automation,High,Low,Medium
L026,Benjamin Young,benjamin.young@example.com,Prime Medical Billing,Healthcare,75,"We process billing documents manually and want to extract invoice numbers, dates, amounts and patient references automatically.",Document extraction,High,Medium,High
L027,Maya Singh,maya.singh@example.com,Urban Outfitters Wholesale,Wholesale,65,We're researching AI tools for customer service and would like a general consultation before deciding what to build.,AI consultation,Medium,Low,Medium
L028,Oliver King,oliver.king@example.com,Westfield Construction,Construction,140,Project managers submit updates through different forms. We want those updates combined into a standardized weekly report automatically.,Reporting automation,High,Medium,High
L029,Zoe Taylor,zoe.taylor@example.com,Little Star Boutique,Retail,3,I'd like a simple automation that sends me an email whenever someone fills out my contact form.,Simple workflow automation,High,Low,Low
L030,Henry Davis,henry.davis@example.com,Crown Manufacturing,Manufacturing,600,We have an urgent reporting problem. Analysts spend roughly 40 hours every month manually cleaning production data from different systems. We need a solution quickly.,Data automation,High,High,High
L031,Amelia Wilson,amelia.wilson@example.com,StudyHub,Education Technology,45,We receive thousands of student questions and need them categorized into subjects before being routed to tutors.,AI classification,High,Medium,High
L032,Ryan Cooper,ryan.cooper@example.com,BluePeak Finance,Financial Services,20,We need a Python script to combine several CSV files and produce a clean monthly report.,Python data automation,High,Medium,Medium
L033,Sara Malik,sara.malik@example.com,CloudNine Marketing,Marketing,85,We'd like incoming leads from our website to be summarized by AI and entered into our CRM automatically.,AI lead automation,High,Medium,High
L034,Jack Miller,jack.miller@example.com,FastLane Couriers,Logistics,32,Can you connect our order form to Google Sheets and send an automatic confirmation email?,Workflow integration,High,Low,Medium
L035,Elena Petrova,elena.petrova@example.com,Orion Pharmaceuticals,Pharmaceuticals,1200,We're exploring document-processing automation for internal operations. We need a scalable proof of concept before considering a larger implementation.,Document automation,High,Medium,High
L036,Adam Johnson,adam.johnson@example.com,Maple Dental,Healthcare,11,"We'd like an appointment reminder system, but we aren't sure what tools to use.",Workflow automation,Medium,Low,Medium
L037,Layla Hussein,layla.hussein@example.com,MarketBridge,E-commerce,95,"Our customer service team receives repetitive questions about orders, returns and shipping. We want to classify messages and route them automatically.",AI customer support,High,High,High
L038,Samuel Wright,samuel.wright@example.com,Granite Architecture,Architecture,30,We have a spreadsheet-based project tracker and want automatic reminders when deadlines are approaching.,Workflow automation,High,Low,Medium
L039,Ava Martinez,ava.martinez@example.com,Sunrise Media,Media,16,We're considering an automated content workflow but haven't defined the requirements yet.,Automation consultation,Medium,Low,Low
L040,David Kim,david.kim@example.com,Pioneer Electronics,Electronics,275,"We need data from our supplier APIs pulled every morning, cleaned, and added to our inventory database automatically.",API/data pipeline,High,High,High
L041,Nora Williams,nora.williams@example.com,ClearPath HR,Human Resources,52,We receive employee requests by email and manually categorize them. We'd like to automate categorization and assign requests to HR staff.,AI email routing,High,Medium,High
L042,Daniel Ahmed,daniel.ahmed@example.com,Harbor Cafe Group,Food Service,14,We want a dashboard that shows daily sales from our POS system. Is this something you can help with?,Data integration,Medium,Medium,Medium
L043,Emma Wilson,emma.wilson@example.com,Redwood Legal Services,Legal Services,45,Our team spends hours extracting key information from incoming client documents. We'd like to investigate AI-assisted extraction.,AI document processing,High,Medium,High
L044,Christopher Moore,christopher.moore@example.com,Apex Telecom,Telecommunications,800,We want to integrate several internal APIs and automate daily synchronization between systems. This is a priority for our operations team.,API integration,High,High,High
L045,Hiba Khan,hiba.khan@example.com,BrightStart Academy,Education,28,We want to automatically summarize parent enquiries and assign them to the appropriate administrator.,AI email routing,High,Medium,Medium
L046,Matthew Harris,matthew.harris@example.com,Stonebrook Furniture,Manufacturing,38,We currently copy order information from emails into Excel. We'd like to know if this can be automated.,Email/data automation,High,Low,Medium
L047,Sophia Clark,sophia.clark@example.com,WellSpring Clinics,Healthcare,210,We receive patient-service enquiries through several channels and need them categorized and routed while maintaining a clear audit trail.,AI workflow automation,High,High,High
L048,Ahmed Farooq,ahmed.farooq@example.com,DataWorks Analytics,Analytics,70,We need to automate a recurring data-cleaning process in Python and send the finished report to clients every Friday.,Python/reporting automation,High,Medium,High
L049,Lily Anderson,lily.anderson@example.com,Coastal Properties,Real Estate,20,"We'd like to experiment with AI for lead management, but we're only gathering information at this stage.",AI lead automation,Low,Low,Low
L050,James Khan,james.khan@example.com,GlobalParts Distribution,Distribution,160,"Our sales enquiries arrive by email and website form. We want them analyzed, scored, added to our CRM, and automatically assigned to sales representatives.",AI lead qualification,High,High,High
